altura,seleccion,pais,peso,nombre,posicion,edad
189,Argentina,Argentina,88,Franco Armani,Arquero,36
189,Argentina,Argentina,84,Gerónimo Rulli,Arquero,30
195,Argentina,Argentina,88,Emiliano Martínez,Arquero,30
187,Argentina,Argentina,83,Juan Foyth,Defensor,24
172,Argentina,Argentina,66,Nicolás Tagliafico,Defensor,30
175,Argentina,Argentina,68,Gonzalo Montiel,Defensor,25
187,Argentina,Argentina,82,Germán Pezzella,Defensor,31
172,Argentina,Argentina,69,Marcos Acuña,Defensor,31
185,Argentina,Argentina,79,Cristian Romero,Defensor,24
183,Argentina,Argentina,81,Nicolás Otamendi,Defensor,34
175,Argentina,Argentina,77,Lisandro Martínez,Defensor,24
175,Argentina,Argentina,70,Nahuel Molina,Defensor,24
182,Argentina,Argentina,75,Leandro Paredes,Mediocampista,28
180,Argentina,Argentina,70,Rodrigo De Paul,Mediocampista,28
180,Argentina,Argentina,75,Ángel Di María,Mediocampista,34
177,Argentina,Argentina,67,Exequiel Palacios,Mediocampista,24
171,Argentina,Argentina,63,Thiago Almada,Mediocampista,21
167,Argentina,Argentina,68,Papu Gómez,Mediocampista,34
185,Argentina,Argentina,80,Guido Rodríguez,Mediocampista,28
176,Argentina,Argentina,69,Alexis Mac Allister,Mediocampista,23
178,Argentina,Argentina,76,Enzo Fernández,Mediocampista,21
170,Argentina,Argentina,71,Julián Álvarez,Delantero,22
170,Argentina,Argentina,72,Lionel Messi,Delantero,35
171,Argentina,Argentina,68,Ángel Correa,Delantero,27
177,Argentina,Argentina,75,Paulo Dybala,Delantero,29
174,Argentina,Argentina,72,Lautaro Martínez,Delantero,25
184,Australia,Australia,80,Mathew Ryan,Arquero,30
194,Australia,Australia,87,Andrew Redmayne,Arquero,33
187,Australia,Australia,96,Daniel Vukovic,Arquero,37
187,Australia,Australia,80,Milos Degenek,Defensor,28
181,Australia,Australia,73,Nathaniel Atkinson,Defensor,23
185,Australia,Australia,90,Kye Rowles,Defensor,24
181,Australia,Australia,75,Fran Karacic,Defensor,26
184,Australia,Australia,83,Bailey Wright,Defensor,30
170,Australia,Australia,63,Aziz Behich,Defensor,31
198,Australia,Australia,80,Harry Souttar,Defensor,24
178,Australia,Australia,74,Thomas Deng,Defensor,25
179,Australia,Australia,78,Joel King,Defensor,22
183,Australia,Australia,78,Ajdin Hrustic,Mediocampista,26
175,Australia,Australia,74,Aaron Mooy,Mediocampista,32
178,Australia,Australia,72,Riley McGree,Mediocampista,24
171,Australia,Australia,68,Cameron Devlin,Mediocampista,24
189,Australia,Australia,77,Jackson Irvine,Mediocampista,29
178,Australia,Australia,67,Keanu Baccus,Mediocampista,24
181,Australia,Australia,78,Mathew Leckie,Delantero,31
179,Australia,Australia,74,Jamie Maclaren,Delantero,29
179,Australia,Australia,73,Awer Mabil,Delantero,27
186,Australia,Australia,84,Mitchell Duke,Delantero,31
175,Australia,Australia,68,Garang Kuol,Delantero,18
180,Australia,Australia,72,Craig Goodwin,Delantero,30
178,Australia,Australia,68,Jason Cummings,Delantero,27
200,Belgium,Belgium,96,Thibaut Courtois,Arquero,30
193,Belgium,Belgium,87,Simon Mignolet,Arquero,34
197,Belgium,Belgium,78,Koen Casteels,Arquero,30
186,Belgium,Belgium,81,Toby Alderweireld,Defensor,33
185,Belgium,Belgium,81,Arthur Theate,Defensor,22
187,Belgium,Belgium,84,Wout Faes,Defensor,24
189,Belgium,Belgium,79,Jan Vertonghen,Defensor,35
191,Belgium,Belgium,90,Thomas Meunier,Defensor,31
188,Belgium,Belgium,83,Leander Dendoncker,Defensor,27
185,Belgium,Belgium,80,Timothy Castagne,Defensor,26
189,Belgium,Belgium,73,Zeno Debast,Defensor,19
186,Belgium,Belgium,81,Axel Witsel,Mediocampista,33
181,Belgium,Belgium,68,Kevin De Bruyne,Mediocampista,31
176,Belgium,Belgium,72,Youri Tielemans,Mediocampista,25
181,Belgium,Belgium,73,Yannick Carrasco,Mediocampista,29
175,Belgium,Belgium,71,Thorgan Hazard,Mediocampista,29
192,Belgium,Belgium,76,Amadou Onana,Mediocampista,21
195,Belgium,Belgium,77,Hans Vanaken,Mediocampista,30
192,Belgium,Belgium,74,Charles De Ketelaere,Mediocampista,21
191,Belgium,Belgium,93,Romelu Lukaku,Delantero,29
175,Belgium,Belgium,74,Eden Hazard,Delantero,31
169,Belgium,Belgium,61,Dries Mertens,Delantero,35
172,Belgium,Belgium,61,Leandro Trossard,Delantero,27
185,Belgium,Belgium,76,Michy Batshuayi,Delantero,29
177,Belgium,Belgium,75,Loïs Openda,Delantero,22
173,Belgium,Belgium,66,Jérémy Doku,Delantero,20
193,Brazil,Brazil,91,Alisson,Arquero,30
189,Brazil,Brazil,91,Weverton,Arquero,34
188,Brazil,Brazil,86,Ederson,Arquero,29
184,Brazil,Brazil,78,Danilo,Defensor,31
183,Brazil,Brazil,79,Thiago Silva,Defensor,38
183,Brazil,Brazil,75,Marquinhos,Defensor,28
180,Brazil,Brazil,80,Alex Sandro,Defensor,31
172,Brazil,Brazil,70,Dani Alves,Defensor,39
186,Brazil,Brazil,78,Éder Militão,Defensor,24
181,Brazil,Brazil,71,Alex Telles,Defensor,29
188,Brazil,Brazil,80,Bremer,Defensor,25
185,Brazil,Brazil,84,Casemiro,Mediocampista,30
180,Brazil,Brazil,72,Lucas Paquetá,Mediocampista,25
169,Brazil,Brazil,64,Fred,Mediocampista,29
188,Brazil,Brazil,78,Fabinho,Mediocampista,29
182,Brazil,Brazil,74,Bruno Guimarães,Mediocampista,25
171,Brazil,Brazil,68,Éverton Ribeiro,Mediocampista,33
184,Brazil,Brazil,83,Richarlison,Delantero,25
175,Brazil,Brazil,68,Neymar,Delantero,30
176,Brazil,Brazil,68,Raphinha,Delantero,25
175,Brazil,Brazil,73,Gabriel Jesus,Delantero,25
174,Brazil,Brazil,63,Antony,Delantero,22
176,Brazil,Brazil,73,Vinícius Júnior,Delantero,22
174,Brazil,Brazil,64,Rodrygo,Delantero,21
185,Brazil,Brazil,78,Pedro,Delantero,25
178,Brazil,Brazil,75,Gabriel Martinelli,Delantero,21
186,Cameroon,Cameroon,74,Simon Ngapandouetnbu,Arquero,19
187,Cameroon,Cameroon,77,Devis Epassy,Arquero,29
190,Cameroon,Cameroon,93,André Onana,Arquero,26
185,Cameroon,Cameroon,77,Nicolas Nkoulou,Defensor,32
191,Cameroon,Cameroon,85,Christopher Wooh,Defensor,21
180,Cameroon,Cameroon,70,Olivier Mbaizo,Defensor,25
165,Cameroon,Cameroon,72,Collins Fai,Defensor,30
186,Cameroon,Cameroon,79,Jean-Charles Castelletto,Defensor,27
185,Cameroon,Cameroon,74,Enzo Ebosse,Defensor,23
178,Cameroon,Cameroon,79,Nouhou Tolo,Defensor,25
174,Cameroon,Cameroon,70,Jerome Ngom Mbekeli,Mediocampista,24
185,Cameroon,Cameroon,80,Gaël Ondoua,Mediocampista,27
181,Cameroon,Cameroon,70,Moumi Ngamaleu,Mediocampista,28
172,Cameroon,Cameroon,75,Georges-Kévin Nkoudou,Mediocampista,27
184,Cameroon,Cameroon,78,Frank Anguissa,Mediocampista,27
185,Cameroon,Cameroon,74,Samuel Oum Gouet,Mediocampista,24
180,Cameroon,Cameroon,79,Pierre Kunde,Mediocampista,27
182,Cameroon,Cameroon,77,Martin Hongla,Mediocampista,24
180,Cameroon,Cameroon,80,Olivier Ntcham,Mediocampista,26
188,Cameroon,Cameroon,88,Jean-Pierre Nsame,Delantero,29
184,Cameroon,Cameroon,89,Vincent Aboubakar,Delantero,30
178,Cameroon,Cameroon,72,Christian Bassogog,Delantero,27
183,Cameroon,Cameroon,74,Karl Toko-Ekambi,Delantero,30
191,Cameroon,Cameroon,90,Eric Choupo-Moting,Delantero,33
173,Cameroon,Cameroon,64,Bryan Mbeumo,Delantero,23
180,Cameroon,Cameroon,78,Souaibou Marou,Delantero,21
191,Canada,Canada,75,Dayne St. Clair,Arquero,25
185,Canada,Canada,77,James Pantemis,Arquero,25
195,Canada,Canada,80,Milan Borjan,Arquero,35
180,Canada,Canada,77,Alistair Johnston,Defensor,24
178,Canada,Canada,75,Samuel Adekugbe,Defensor,27
183,Canada,Canada,75,Kamal Miller,Defensor,25
195,Canada,Canada,88,Steven Vitória,Defensor,35
175,Canada,Canada,68,Richie Laryea,Defensor,27
187,Canada,Canada,86,Derek Cornelius,Defensor,25
185,Canada,Canada,78,Joel Waterman,Defensor,26
171,Canada,Canada,73,Samuel Piette,Mediocampista,28
175,Canada,Canada,70,Stephen Eustáquio,Mediocampista,25
185,Canada,Canada,81,Liam Fraser,Mediocampista,24
187,Canada,Canada,83,Atiba Hutchinson,Mediocampista,39
185,Canada,Canada,77,Mark-Anthony Kaye,Mediocampista,27
188,Canada,Canada,76,Ismaël Koné,Mediocampista,20
175,Canada,Canada,69,Jonathan Osorio,Mediocampista,30
172,Canada,Canada,76,David Wotherspoon,Mediocampista,32
180,Canada,Canada,86,Lucas Cavallini,Delantero,29
174,Canada,Canada,70,Junior Hoilett,Delantero,32
183,Canada,Canada,71,Tajon Buchanan,Delantero,23
185,Canada,Canada,79,Iké Ugbo,Delantero,24
188,Canada,Canada,90,Cyle Larin,Delantero,27
183,Canada,Canada,75,Alphonso Davies,Delantero,22
175,Canada,Canada,70,Jonathan David,Delantero,22
176,Canada,Canada,72,Liam Millar,Delantero,23
185,Costa Rica,Costa Rica,80,Keylor Navas,Arquero,35
193,Costa Rica,Costa Rica,88,Esteban Alvarado,Arquero,33
190,Costa Rica,Costa Rica,84,Patrick Sequeira,Arquero,23
192,Costa Rica,Costa Rica,88,Juan Pablo Vargas,Defensor,27
183,Costa Rica,Costa Rica,78,Keysher Fuller,Defensor,28
186,Costa Rica,Costa Rica,88,Óscar Duarte,Defensor,33
172,Costa Rica,Costa Rica,60,Bryan Oviedo,Defensor,32
180,Costa Rica,Costa Rica,80,Francisco Calvo,Defensor,30
176,Costa Rica,Costa Rica,70,Carlos Martínez,Defensor,23
196,Costa Rica,Costa Rica,89,Kendall Waston,Defensor,34
180,Costa Rica,Costa Rica,76,Douglas López,Defensor,24
175,Costa Rica,Costa Rica,70,Ronald Matarrita,Defensor,28
183,Costa Rica,Costa Rica,69,Daniel Chacón,Mediocampista,21
182,Costa Rica,Costa Rica,79,Celso Borges,Mediocampista,34
183,Costa Rica,Costa Rica,76,Johan Venegas,Mediocampista,33
176,Costa Rica,Costa Rica,71,Gerson Torres,Mediocampista,25
173,Costa Rica,Costa Rica,69,Youstin Salas,Mediocampista,26
179,Costa Rica,Costa Rica,66,Yeltsin Tejeda,Mediocampista,30
179,Costa Rica,Costa Rica,60,Brandon Aguilera,Mediocampista,19
180,Costa Rica,Costa Rica,72,Anthony Contreras,Delantero,22
173,Costa Rica,Costa Rica,70,Jewison Bennette,Delantero,18
187,Costa Rica,Costa Rica,81,Bryan Ruiz,Delantero,37
178,Costa Rica,Costa Rica,71,Joel Campbell,Delantero,30
184,Costa Rica,Costa Rica,59,Roan Wilson,Delantero,20
187,Croatia,Croatia,79,Dominik Livakovic,Arquero,27
195,Croatia,Croatia,83,Ivo Grbic,Arquero,26
195,Croatia,Croatia,77,Ivica Ivusic,Arquero,27
187,Croatia,Croatia,77,Josip Stanisic,Defensor,22
186,Croatia,Croatia,80,Borna Barisic,Defensor,30
192,Croatia,Croatia,78,Martin Erlic,Defensor,24
188,Croatia,Croatia,84,Dejan Lovren,Defensor,33
187,Croatia,Croatia,79,Borna Sosa,Defensor,24
185,Croatia,Croatia,80,Josko Gvardiol,Defensor,20
184,Croatia,Croatia,76,Domagoj Vida,Defensor,33
173,Croatia,Croatia,68,Josip Juranovic,Defensor,27
190,Croatia,Croatia,82,Josip Sutalo,Defensor,22
186,Croatia,Croatia,80,Ivan Perisic,Mediocampista,33
178,Croatia,Croatia,76,Lovro Majer,Mediocampista,24
177,Croatia,Croatia,78,Mateo Kovacic,Mediocampista,28
172,Croatia,Croatia,66,Luka Modric,Mediocampista,37
181,Croatia,Croatia,68,Marcelo Brozovic,Mediocampista,30
178,Croatia,Croatia,72,Nikola Vlasic,Mediocampista,25
188,Croatia,Croatia,82,Mario Pasalic,Mediocampista,27
185,Croatia,Croatia,71,Luka Sucic,Mediocampista,20
181,Croatia,Croatia,75,Kristijan Jakic,Mediocampista,25
177,Croatia,Croatia,73,Andrej Kramaric,Delantero,31
182,Croatia,Croatia,80,Marko Livaja,Delantero,29
193,Croatia,Croatia,88,Bruno Petkovic,Delantero,28
190,Croatia,Croatia,75,Ante Budimir,Delantero,31
179,Croatia,Croatia,69,Mislav Orsic,Delantero,29
189,Denmark,Denmark,88,Kasper Schmeichel,Arquero,36
190,Denmark,Denmark,82,Oliver Christensen,Arquero,23
188,Denmark,Denmark,81,Frederik Rønnow,Arquero,30
192,Denmark,Denmark,90,Joachim Andersen,Defensor,26
185,Denmark,Denmark,78,Victor Nelsson,Defensor,24
190,Denmark,Denmark,86,Simon Kjaer,Defensor,33
185,Denmark,Denmark,79,Joakim Maehle,Defensor,25
187,Denmark,Denmark,82,Andreas Christensen,Defensor,26
187,Denmark,Denmark,70,Rasmus Kristensen,Defensor,25
182,Denmark,Denmark,81,Jens Stryger Larsen,Defensor,31
183,Denmark,Denmark,76,Alexander Bah,Defensor,24
180,Denmark,Denmark,68,Mathias Jensen,Mediocampista,26
182,Denmark,Denmark,79,Thomas Delaney,Mediocampista,31
182,Denmark,Denmark,76,Christian Eriksen,Mediocampista,30
180,Denmark,Denmark,66,Mikkel Damsgaard,Mediocampista,22
187,Denmark,Denmark,77,Christian Nørgaard,Mediocampista,28
181,Denmark,Denmark,74,Daniel Wass,Mediocampista,33
187,Denmark,Denmark,84,Pierre-Emile Højbjerg,Mediocampista,27
182,Denmark,Denmark,66,Jesper Lindstrøm,Mediocampista,22
180,Denmark,Denmark,77,Martin Braithwaite,Delantero,31
187,Denmark,Denmark,79,Andreas Skov Olsen,Delantero,22
186,Denmark,Denmark,82,Kasper Dolberg,Delantero,25
190,Denmark,Denmark,83,Jonas Wind,Delantero,23
192,Denmark,Denmark,84,Yussuf Poulsen,Delantero,28
193,Denmark,Denmark,91,Andreas Cornelius,Delantero,29
185,Denmark,Denmark,81,Robert Skov,Delantero,26
189,Ecuador,Ecuador,90,Hernán Galíndez,Arquero,35
185,Ecuador,Ecuador,75,Moisés Ramírez,Arquero,22
195,Ecuador,Ecuador,80,Alexander Domínguez,Arquero,35
187,Ecuador,Ecuador,78,Félix Torres,Defensor,25
183,Ecuador,Ecuador,66,Piero Hincapié,Defensor,20
189,Ecuador,Ecuador,85,Robert Arboleda,Defensor,31
188,Ecuador,Ecuador,81,William Pacho,Defensor,21
175,Ecuador,Ecuador,73,Pervis Estupiñán,Defensor,24
184,Ecuador,Ecuador,75,Xavier Arreaga,Defensor,28
174,Ecuador,Ecuador,69,Angelo Preciado,Defensor,24
169,Ecuador,Ecuador,68,Diego Palacios,Defensor,23
191,Ecuador,Ecuador,88,Jackson Porozo,Defensor,22
178,Ecuador,Ecuador,70,José Cifuentes,Mediocampista,23
173,Ecuador,Ecuador,67,Carlos Gruezo,Mediocampista,27
181,Ecuador,Ecuador,72,Ayrton Preciado,Mediocampista,28
175,Ecuador,Ecuador,73,Romario Ibarra,Mediocampista,28
178,Ecuador,Ecuador,65,Gonzalo Plata,Mediocampista,22
175,Ecuador,Ecuador,72,Jhegson Méndez,Mediocampista,25
175,Ecuador,Ecuador,68,Alan Franco,Mediocampista,24
178,Ecuador,Ecuador,73,Moisés Caicedo,Mediocampista,21
187,Ecuador,Ecuador,86,Michael Estrada,Delantero,26
177,Ecuador,Ecuador,74,Enner Valencia,Delantero,33
168,Ecuador,Ecuador,62,Ángel Mena,Delantero,34
178,Ecuador,Ecuador,72,Jeremy Sarmiento,Delantero,20
172,Ecuador,Ecuador,71,Djorkaeff Reasco,Delantero,23
185,England,United Kingdom,82,Jordan Pickford,Arquero,28
191,England,United Kingdom,76,Nick Pope,Arquero,30
188,England,United Kingdom,88,Aaron Ramsdale,Arquero,24
178,England,United Kingdom,80,Kyle Walker,Defensor,32
185,England,United Kingdom,75,Luke Shaw,Defensor,27
188,England,United Kingdom,80,John Stones,Defensor,28
194,England,United Kingdom,90,Harry Maguire,Defensor,29
178,England,United Kingdom,71,Kieran Trippier,Defensor,32
188,England,United Kingdom,83,Eric Dier,Defensor,28
185,England,United Kingdom,80,Conor Coady,Defensor,29
175,England,United Kingdom,72,Trent Alexander-Arnold,Defensor,24
186,England,United Kingdom,76,Ben White,Defensor,25
185,England,United Kingdom,84,Declan Rice,Mediocampista,23
175,England,United Kingdom,76,Jack Grealish,Mediocampista,27
182,England,United Kingdom,78,Jordan Henderson,Mediocampista,32
178,England,United Kingdom,72,Kalvin Phillips,Mediocampista,26
178,England,United Kingdom,72,Bukayo Saka,Mediocampista,21
181,England,United Kingdom,76,Mason Mount,Mediocampista,23
171,England,United Kingdom,70,Phil Foden,Mediocampista,22
186,England,United Kingdom,75,Jude Bellingham,Mediocampista,19
175,England,United Kingdom,73,James Maddison,Mediocampista,26
182,England,United Kingdom,77,Conor Gallagher,Mediocampista,22
188,England,United Kingdom,86,Harry Kane,Delantero,29
172,England,United Kingdom,69,Raheem Sterling,Delantero,27
180,England,United Kingdom,70,Marcus Rashford,Delantero,25
180,England,United Kingdom,66,Callum Wilson,Delantero,30
188,France,France,82,Hugo Lloris,Arquero,35
187,France,France,88,Steve Mandanda,Arquero,37
195,France,France,94,Alphonse Aréola,Arquero,29
186,France,France,76,Benjamin Pavard,Defensor,26
190,France,France,83,Axel Disasi,Defensor,24
191,France,France,81,Raphaël Varane,Defensor,29
180,France,France,75,Jules Koundé,Defensor,24
192,France,France,92,William Saliba,Defensor,21
186,France,France,83,Dayot Upamecano,Defensor,24
184,France,France,79,Lucas Hernández,Defensor,26
184,France,France,81,Theo Hernández,Defensor,25
194,France,France,95,Ibrahima Konaté,Defensor,23
185,France,France,68,Mattéo Guendouzi,Mediocampista,23
187,France,France,81,Aurélien Tchouaméni,Mediocampista,22
185,France,France,75,Youssouf Fofana,Mediocampista,23
188,France,France,72,Adrien Rabiot,Mediocampista,27
177,France,France,67,Jordan Veretout,Mediocampista,29
182,France,France,68,Eduardo Camavinga,Mediocampista,20
176,France,France,73,Antoine Griezmann,Delantero,31
193,France,France,91,Olivier Giroud,Delantero,36
178,France,France,75,Kylian Mbappé,Delantero,23
178,France,France,67,Ousmane Dembélé,Delantero,25
187,France,France,77,Randal Kolo Muani,Delantero,23
181,France,France,76,Kingsley Coman,Delantero,26
192,France,France,90,Marcus Thuram,Delantero,25
193,Germany,Germany,93,Manuel Neuer,Arquero,36
189,Germany,Germany,88,Kevin Trapp,Arquero,32
187,Germany,Germany,85,Marc-André ter Stegen,Arquero,30
190,Germany,Germany,85,Antonio Rüdiger,Defensor,29
180,Germany,Germany,75,David Raum,Defensor,24
189,Germany,Germany,86,Matthias Ginter,Defensor,28
186,Germany,Germany,76,Thilo Kehrer,Defensor,26
195,Germany,Germany,99,Niklas Süle,Defensor,27
187,Germany,Germany,88,Lukas Klostermann,Defensor,26
184,Germany,Germany,83,Christian Günter,Defensor,29
191,Germany,Germany,86,Nico Schlotterbeck,Defensor,22
190,Germany,Germany,87,Armel Bella-Kotchap,Defensor,20
177,Germany,Germany,75,Joshua Kimmich,Mediocampista,27
193,Germany,Germany,83,Kai Havertz,Mediocampista,23
189,Germany,Germany,82,Leon Goretzka,Mediocampista,27
176,Germany,Germany,75,Mario Götze,Mediocampista,30
185,Germany,Germany,83,Julian Brandt,Mediocampista,26
176,Germany,Germany,73,Jonas Hofmann,Mediocampista,30
180,Germany,Germany,80,Ilkay Gündogan,Mediocampista,32
189,Germany,Germany,83,Niclas Füllkrug,Delantero,29
176,Germany,Germany,77,Serge Gnabry,Delantero,27
185,Germany,Germany,76,Thomas Müller,Delantero,33
180,Germany,Germany,68,Jamal Musiala,Delantero,19
183,Germany,Germany,80,Leroy Sané,Delantero,26
180,Germany,Germany,68,Karim Adeyemi,Delantero,20
179,Germany,Germany,72,Youssoufa Moukoko,Delantero,18
188,Ghana,Ghana,84,Lawrence Ati-Zigi,Arquero,25
181,Ghana,Ghana,77,Ibrahim Danlad,Arquero,19
190,Ghana,Ghana,75,Abdul Nurudeen,Arquero,23
163,Ghana,Ghana,55,Tariq Lamptey,Defensor,22
178,Ghana,Ghana,70,Denis Odoi,Defensor,34
191,Ghana,Ghana,82,Mohammed Salisu,Defensor,23
178,Ghana,Ghana,70,Gideon Mensah,Defensor,24
184,Ghana,Ghana,80,Joseph Aidoo,Defensor,27
180,Ghana,Ghana,72,Abdul Rahman Baba,Defensor,28
186,Ghana,Ghana,79,Daniel Amartey,Defensor,27
182,Ghana,Ghana,81,Alexander Djiku,Defensor,28
173,Ghana,Ghana,68,Alidu Seidu,Defensor,22
185,Ghana,Ghana,77,Thomas Partey,Mediocampista,29
182,Ghana,Ghana,72,Elisha Owusu,Mediocampista,25
179,Ghana,Ghana,74,Daniel-Kofi Kyereh,Mediocampista,26
177,Ghana,Ghana,70,Mohammed Kudus,Mediocampista,22
179,Ghana,Ghana,69,Salis Abdul Samed,Mediocampista,22
175,Ghana,Ghana,70,Kamaldeen Sulemana,Mediocampista,20
177,Ghana,Ghana,73,Issahaku Fatawu,Delantero,18
182,Ghana,Ghana,80,Jordan Ayew,Delantero,31
175,Ghana,Ghana,70,André Ayew,Delantero,32
170,Ghana,Ghana,66,Osman Bukari,Delantero,23
176,Ghana,Ghana,63,Daniel Afriyie,Delantero,21
186,Ghana,Ghana,81,Iñaki Williams,Delantero,28
179,Ghana,Ghana,66,Kamal Sowah,Delantero,22
194,IR Iran,Iran,85,Alireza Beyranvand,Arquero,30
193,IR Iran,Iran,86,Payam Niazmand,Arquero,27
185,IR Iran,Iran,80,Amir Abedzadeh,Arquero,29
185,IR Iran,Iran,80,Hossein Hosseini,Arquero,30
174,IR Iran,Iran,71,Sadegh Moharrami,Defensor,26
183,IR Iran,Iran,70,Shoja Khalilzadeh,Defensor,33
177,IR Iran,Iran,70,Milad Mohammadi,Defensor,29
187,IR Iran,Iran,80,Morteza Pouraliganji,Defensor,30
188,IR Iran,Iran,82,Hossein Kanani,Defensor,28
194,IR Iran,Iran,80,Roozbeh Cheshmi,Defensor,29
187,IR Iran,Iran,78,Majid Hosseini,Defensor,26
185,IR Iran,Iran,75,Ramin Rezaeian,Defensor,32
177,IR Iran,Iran,71,Abolfazl Jalali,Defensor,24
178,IR Iran,Iran,81,Ehsan Hajisafi,Mediocampista,32
190,IR Iran,Iran,82,Saeid Ezatolahi,Mediocampista,26
180,IR Iran,Iran,77,Alireza Jahanbakhsh,Mediocampista,29
179,IR Iran,Iran,71,Vahid Amiri,Mediocampista,34
185,IR Iran,Iran,71,Mehdi Torabi,Mediocampista,28
176,IR Iran,Iran,72,Ali Gholizadeh,Mediocampista,26
186,IR Iran,Iran,78,Ali Karimi,Mediocampista,28
179,IR Iran,Iran,73,Ahmad Noorollahi,Mediocampista,29
187,IR Iran,Iran,79,Mehdi Taremi,Delantero,30
187,IR Iran,Iran,80,Karim Ansarifard,Delantero,32
176,IR Iran,Iran,79,Saman Ghoddos,Delantero,29
186,IR Iran,Iran,78,Sardar Azmoun,Delantero,27
185,Japan,Japan,82,Eiji Kawashima,Arquero,39
187,Japan,Japan,84,Shuichi Gonda,Arquero,33
197,Japan,Japan,88,Daniel Schmidt,Arquero,30
178,Japan,Japan,72,Miki Yamane,Defensor,28
183,Japan,Japan,75,Shogo Taniguchi,Defensor,31
186,Japan,Japan,75,Ko Itakura,Defensor,25
170,Japan,Japan,68,Yuto Nagatomo,Defensor,36
187,Japan,Japan,70,Takehiro Tomiyasu,Defensor,24
185,Japan,Japan,78,Hiroki Sakai,Defensor,32
189,Japan,Japan,78,Maya Yoshida,Defensor,34
188,Japan,Japan,84,Hiroki Ito,Defensor,23
178,Japan,Japan,77,Wataru Endo,Mediocampista,29
175,Japan,Japan,64,Gaku Shibasaki,Mediocampista,30
178,Japan,Japan,72,Kaoru Mitoma,Mediocampista,25
174,Japan,Japan,68,Takumi Minamino,Mediocampista,27
173,Japan,Japan,64,Takefusa Kubo,Mediocampista,21
177,Japan,Japan,74,Hidemasa Morita,Mediocampista,27
184,Japan,Japan,76,Daichi Kamada,Mediocampista,26
180,Japan,Japan,69,Ao Tanaka,Mediocampista,24
172,Japan,Japan,70,Ritsu Doan,Delantero,24
176,Japan,Japan,66,Junya Ito,Delantero,29
173,Japan,Japan,71,Takuma Asano,Delantero,28
185,Japan,Japan,77,Shuto Machino,Delantero,23
182,Japan,Japan,76,Ayase Ueda,Delantero,24
166,Japan,Japan,68,Yuki Soma,Delantero,25
173,Japan,Japan,67,Daizen Maeda,Delantero,25
187,Korea Republic,South Korea,78,Kim Seung-Gyu,Arquero,32
194,Korea Republic,South Korea,88,Song Bum-Keun,Arquero,25
189,Korea Republic,South Korea,76,Jo Hyeon-Woo,Arquero,31
173,Korea Republic,South Korea,65,Yoon Jong-Gyu,Defensor,24
177,Korea Republic,South Korea,70,Kim Jin-Su,Defensor,30
190,Korea Republic,South Korea,84,Kim Min-Jae,Defensor,26
176,Korea Republic,South Korea,67,Hong Chul,Defensor,32
173,Korea Republic,South Korea,64,Kim Moon-Hwan,Defensor,27
186,Korea Republic,South Korea,74,Kim Young-Gwon,Defensor,32
188,Korea Republic,South Korea,83,Kwon Kyung-Won,Defensor,30
179,Korea Republic,South Korea,71,Kim Tae-Hwan,Defensor,33
182,Korea Republic,South Korea,78,Cho Yu-Min,Defensor,26
186,Korea Republic,South Korea,78,Jung Woo-Young,Mediocampista,32
177,Korea Republic,South Korea,72,Hwang In-Beom,Mediocampista,26
177,Korea Republic,South Korea,67,Paik Seung-Ho,Mediocampista,25
180,Korea Republic,South Korea,67,Lee Jae-Sung,Mediocampista,30
178,Korea Republic,South Korea,73,Son Jun-Ho,Mediocampista,30
173,Korea Republic,South Korea,66,Lee Kang-In,Mediocampista,21
174,Korea Republic,South Korea,69,Kwon Chang-Hoon,Mediocampista,28
179,Korea Republic,South Korea,72,Jeong Woo-Yeong,Mediocampista,23
184,Korea Republic,South Korea,77,Son Heung-Min,Delantero,30
185,Korea Republic,South Korea,70,Cho Gue-Sung,Delantero,24
177,Korea Republic,South Korea,77,Hwang Hee-Chan,Delantero,26
185,Korea Republic,South Korea,78,Hwang Ui-Jo,Delantero,30
173,Korea Republic,South Korea,70,Na Sang-Ho,Delantero,26
179,Korea Republic,South Korea,72,Song Min-Kyu,Delantero,23
188,Mexico,Mexico,83,Alfredo Talavera,Arquero,40
188,Mexico,Mexico,82,Rodolfo Cota,Arquero,35
190,Mexico,Mexico,85,Guillermo Ochoa,Arquero,37
188,Mexico,Mexico,87,Néstor Araújo,Defensor,31
191,Mexico,Mexico,84,César Montes,Defensor,25
182,Mexico,Mexico,78,Johan Vásquez,Defensor,24
175,Mexico,Mexico,68,Gerardo Arteaga,Defensor,24
186,Mexico,Mexico,76,Héctor Moreno,Defensor,34
170,Mexico,Mexico,69,Jorge Sánchez,Defensor,24
176,Mexico,Mexico,70,Jesús Gallardo,Defensor,28
175,Mexico,Mexico,63,Kevin Álvarez,Defensor,23
187,Mexico,Mexico,73,Edson Álvarez,Mediocampista,25
184,Mexico,Mexico,78,Luis Romo,Mediocampista,27
170,Mexico,Mexico,66,Carlos Rodríguez,Mediocampista,25
177,Mexico,Mexico,73,Érick Gutiérrez,Mediocampista,27
185,Mexico,Mexico,80,Héctor Herrera,Mediocampista,32
169,Mexico,Mexico,63,Orbelín Pineda,Mediocampista,26
169,Mexico,Mexico,60,Andrés Guardado,Mediocampista,36
177,Mexico,Mexico,72,Luis Chávez,Mediocampista,26
190,Mexico,Mexico,76,Raúl Jiménez,Delantero,31
173,Mexico,Mexico,77,Alexis Vega,Delantero,25
190,Mexico,Mexico,76,Rogelio Funes Mori,Delantero,31
177,Mexico,Mexico,74,Henry Martín,Delantero,30
167,Mexico,Mexico,59,Uriel Antuna,Delantero,25
175,Mexico,Mexico,68,Hirving Lozano,Delantero,27
176,Mexico,Mexico,70,Roberto Alvarado,Delantero,24
195,Morocco,Morocco,78,Yassine Bounou,Arquero,31
190,Morocco,Morocco,89,Munir Mohamedi,Arquero,33
192,Morocco,Morocco,76,Ahmed Tagnaouti,Arquero,26
181,Morocco,Morocco,73,Achraf Hakimi,Defensor,24
183,Morocco,Morocco,63,Noussair Mazraoui,Defensor,25
190,Morocco,Morocco,76,Nayef Aguerd,Defensor,26
190,Morocco,Morocco,80,Romain Saïss,Defensor,32
193,Morocco,Morocco,83,Jawad El Yamiq,Defensor,30
188,Morocco,Morocco,84,Achraf Dari,Defensor,23
193,Morocco,Morocco,78,Badr Benoun,Defensor,29
176,Morocco,Morocco,70,Yahya Attiat-Allah,Defensor,27
183,Morocco,Morocco,70,Sofyan Amrabat,Mediocampista,26
180,Morocco,Morocco,65,Hakim Ziyech,Mediocampista,29
182,Morocco,Morocco,62,Azzedine Ounahi,Mediocampista,22
183,Morocco,Morocco,80,Abdelhamid Sabiri,Mediocampista,25
158,Morocco,Morocco,55,Ilias Chair,Mediocampista,25
186,Morocco,Morocco,82,Selim Amallah,Mediocampista,26
180,Morocco,Morocco,70,Bilal El Khannouss,Mediocampista,18
187,Morocco,Morocco,83,Yahya Jabrane,Mediocampista,31
179,Morocco,Morocco,75,Abderrazak Hamdallah,Delantero,31
176,Morocco,Morocco,70,Anass Zaroury,Delantero,22
179,Morocco,Morocco,74,Zakaria Aboukhlal,Delantero,22
177,Morocco,Morocco,72,Abdessamad Ezzalzouli,Delantero,20
175,Morocco,Morocco,60,Sofiane Boufal,Delantero,29
188,Morocco,Morocco,73,Youssef En-Nesyri,Delantero,25
187,Morocco,Morocco,80,Walid Cheddira,Delantero,24
188,Netherlands,Netherlands,88,Remko Pasveer,Arquero,39
188,Netherlands,Netherlands,76,Justin Bijlow,Arquero,24
203,Netherlands,Netherlands,94,Andries Noppert,Arquero,28
179,Netherlands,Netherlands,79,Jurriën Timber,Defensor,21
187,Netherlands,Netherlands,89,Matthijs de Ligt,Defensor,23
195,Netherlands,Netherlands,92,Virgil van Dijk,Defensor,31
180,Netherlands,Netherlands,75,Nathan Aké,Defensor,27
190,Netherlands,Netherlands,78,Stefan de Vrij,Defensor,30
170,Netherlands,Netherlands,67,Tyrell Malacia,Defensor,23
180,Netherlands,Netherlands,72,Daley Blind,Defensor,32
188,Netherlands,Netherlands,80,Denzel Dumfries,Defensor,26
171,Netherlands,Netherlands,63,Jeremie Frimpong,Defensor,21
179,Netherlands,Netherlands,70,Davy Klaassen,Mediocampista,29
186,Netherlands,Netherlands,76,Marten de Roon,Mediocampista,31
184,Netherlands,Netherlands,77,Teun Koopmeiners,Mediocampista,24
181,Netherlands,Netherlands,74,Frenkie de Jong,Mediocampista,25
182,Netherlands,Netherlands,75,Kenneth Taylor,Mediocampista,20
179,Netherlands,Netherlands,58,Xavi Simons,Mediocampista,19
175,Netherlands,Netherlands,78,Steven Bergwijn,Delantero,25
193,Netherlands,Netherlands,76,Cody Gakpo,Delantero,23
188,Netherlands,Netherlands,86,Luuk de Jong,Delantero,32
178,Netherlands,Netherlands,78,Memphis Depay,Delantero,28
182,Netherlands,Netherlands,75,Steven Berghuis,Delantero,30
176,Netherlands,Netherlands,70,Noa Lang,Delantero,23
184,Netherlands,Netherlands,79,Vincent Janssen,Delantero,28
197,Netherlands,Netherlands,84,Wout Weghorst,Delantero,30
195,Poland,Poland,90,Wojciech Szczesny,Arquero,32
187,Poland,Poland,84,Lukasz Skorupski,Arquero,31
195,Poland,Poland,80,Kamil Grabara,Arquero,23
185,Poland,Poland,79,Matty Cash,Defensor,25
189,Poland,Poland,86,Artur Jedrzejczyk,Defensor,35
187,Poland,Poland,77,Mateusz Wieteska,Defensor,25
189,Poland,Poland,84,Jan Bednarek,Defensor,26
189,Poland,Poland,75,Jakub Kiwior,Defensor,22
190,Poland,Poland,80,Kamil Glik,Defensor,34
183,Poland,Poland,77,Bartosz Bereszynski,Defensor,30
164,Poland,Poland,68,Nicola Zalewski,Defensor,20
182,Poland,Poland,71,Robert Gumny,Defensor,24
189,Poland,Poland,78,Krystian Bielik,Mediocampista,24
185,Poland,Poland,81,Damian Szymanski,Mediocampista,27
186,Poland,Poland,82,Grzegorz Krychowiak,Mediocampista,32
180,Poland,Poland,78,Kamil Grosicki,Mediocampista,34
179,Poland,Poland,64,Jakub Kaminski,Mediocampista,20
185,Poland,Poland,79,Szymon Zurkowski,Mediocampista,25
174,Poland,Poland,60,Sebastian Szymanski,Mediocampista,23
180,Poland,Poland,76,Piotr Zielinski,Mediocampista,28
175,Poland,Poland,70,Przemyslaw Frankowski,Mediocampista,27
172,Poland,Poland,64,Michal Skóras,Mediocampista,22
186,Poland,Poland,80,Arkadiusz Milik,Delantero,28
185,Poland,Poland,81,Robert Lewandowski,Delantero,34
184,Poland,Poland,77,Karol Swiderski,Delantero,25
183,Poland,Poland,77,Krzysztof Piatek,Delantero,27
190,Portugal,Portugal,84,Rui Patrício,Arquero,34
192,Portugal,Portugal,84,José Sá,Arquero,29
186,Portugal,Portugal,81,Diogo Costa,Arquero,23
183,Portugal,Portugal,76,Diogo Dalot,Defensor,23
188,Portugal,Portugal,81,Pepe,Defensor,39
186,Portugal,Portugal,76,Rúben Dias,Defensor,25
170,Portugal,Portugal,71,Raphaël Guerreiro,Defensor,28
176,Portugal,Portugal,70,Nuno Mendes,Defensor,20
182,Portugal,Portugal,74,João Cancelo,Defensor,28
187,Portugal,Portugal,79,António Silva,Defensor,19
190,Portugal,Portugal,84,João Palhinha,Mediocampista,27
179,Portugal,Portugal,69,Bruno Fernandes,Mediocampista,28
173,Portugal,Portugal,64,Bernardo Silva,Mediocampista,28
188,Portugal,Portugal,83,Danilo Pereira,Mediocampista,31
187,Portugal,Portugal,83,William Carvalho,Mediocampista,30
172,Portugal,Portugal,64,Vitinha,Mediocampista,22
179,Portugal,Portugal,73,João Mário,Mediocampista,29
180,Portugal,Portugal,80,Rúben Neves,Mediocampista,25
184,Portugal,Portugal,78,Matheus Nunes,Mediocampista,24
172,Portugal,Portugal,65,Otávio,Mediocampista,27
187,Portugal,Portugal,83,Cristiano Ronaldo,Delantero,37
185,Portugal,Portugal,84,André Silva,Delantero,27
181,Portugal,Portugal,70,João Félix,Delantero,23
188,Portugal,Portugal,81,Rafael Leão,Delantero,23
173,Portugal,Portugal,63,Ricardo Horta,Delantero,28
185,Portugal,Portugal,79,Gonçalo Ramos,Delantero,21
188,Qatar,Qatar,83,Saad Al Sheeb,Arquero,32
186,Qatar,Qatar,78,Yousef Hassan,Arquero,26
180,Qatar,Qatar,66,Meshaal Barsham,Arquero,24
180,Qatar,Qatar,73,Pedro Miguel,Defensor,32
185,Qatar,Qatar,82,Abdelkarim Hassan,Defensor,29
179,Qatar,Qatar,71,Tarek Salman,Defensor,24
176,Qatar,Qatar,60,Musaab Khidir,Defensor,29
188,Qatar,Qatar,71,Homam Ahmed,Defensor,23
175,Qatar,Qatar,77,Bassam Al Rawi,Defensor,24
185,Qatar,Qatar,78,Boualem Khoukhi,Defensor,32
172,Qatar,Qatar,64,Ismaeel Mohammad,Defensor,32
183,Qatar,Qatar,70,Salem Al Hajri,Defensor,26
182,Qatar,Qatar,65,Jassem Gaber,Defensor,20
183,Qatar,Qatar,68,Mohammed Waad,Mediocampista,23
182,Qatar,Qatar,70,Abdulaziz Hatem,Mediocampista,32
174,Qatar,Qatar,65,Ali Asad,Mediocampista,29
190,Qatar,Qatar,87,Karim Boudiaf,Mediocampista,32
168,Qatar,Qatar,71,Assim Madibo,Mediocampista,26
176,Qatar,Qatar,73,Ahmed Alaa,Delantero,29
192,Qatar,Qatar,77,Mohammed Muntari,Delantero,28
174,Qatar,Qatar,62,Hassan Al Haydos,Delantero,31
176,Qatar,Qatar,68,Akram Afif,Delantero,26
174,Qatar,Qatar,56,Khalid Muneer,Delantero,24
180,Qatar,Qatar,68,Almoez Ali,Delantero,26
190,Saudi Arabia,Saudi Arabia,75,Mohammed Al Yami,Arquero,25
185,Saudi Arabia,Saudi Arabia,75,Mohammed Al Owais,Arquero,31
188,Saudi Arabia,Saudi Arabia,85,Nawaf Al Aqidi,Arquero,22
173,Saudi Arabia,Saudi Arabia,67,Sultan Al Ghannam,Defensor,28
187,Saudi Arabia,Saudi Arabia,82,Abdullah Madu,Defensor,29
184,Saudi Arabia,Saudi Arabia,73,Abdulelah Al Amri,Defensor,25
181,Saudi Arabia,Saudi Arabia,77,Ali Al Bulayhi,Defensor,33
173,Saudi Arabia,Saudi Arabia,61,Mohammed Al Burayk,Defensor,30
175,Saudi Arabia,Saudi Arabia,70,Saud Abdulhamid,Defensor,23
170,Saudi Arabia,Saudi Arabia,63,Yasir Al Shahrani,Defensor,30
185,Saudi Arabia,Saudi Arabia,74,Hassan Tambakti,Defensor,23
181,Saudi Arabia,Saudi Arabia,64,Salman Al Faraj,Mediocampista,33
176,Saudi Arabia,Saudi Arabia,69,Abdulelah Al Malki,Mediocampista,28
173,Saudi Arabia,Saudi Arabia,71,Salem Al Dawsari,Mediocampista,31
176,Saudi Arabia,Saudi Arabia,68,Abdullah Otayf,Mediocampista,30
183,Saudi Arabia,Saudi Arabia,67,Ali Al Hassan,Mediocampista,25
177,Saudi Arabia,Saudi Arabia,69,Sami Al Naji,Mediocampista,25
165,Saudi Arabia,Saudi Arabia,63,Nawaf Al Abid,Mediocampista,32
169,Saudi Arabia,Saudi Arabia,70,Hattan Bahbri,Mediocampista,30
192,Saudi Arabia,Saudi Arabia,67,Mohammed Kanno,Mediocampista,28
178,Saudi Arabia,Saudi Arabia,68,Nasser Al Dawsari,Mediocampista,23
184,Saudi Arabia,Saudi Arabia,76,Riyadh Sharahili,Mediocampista,29
185,Saudi Arabia,Saudi Arabia,79,Feras Al Brikan,Delantero,22
183,Saudi Arabia,Saudi Arabia,77,Saleh Al Shehri,Delantero,29
174,Saudi Arabia,Saudi Arabia,70,Abdulrahman Al Obud,Delantero,27
173,Saudi Arabia,Saudi Arabia,65,Haitham Asiri,Delantero,21
193,Senegal,Senegal,90,Seny Dieng,Arquero,28
194,Senegal,Senegal,86,Édouard Mendy,Arquero,30
196,Senegal,Senegal,83,Alfred Gomis,Arquero,29
191,Senegal,Senegal,76,Formose Mendy,Defensor,21
195,Senegal,Senegal,89,Kalidou Koulibaly,Defensor,31
197,Senegal,Senegal,83,Pape Abou Cissé,Defensor,27
178,Senegal,Senegal,66,Moussa N'Diaye,Defensor,20
182,Senegal,Senegal,70,Fodé Ballo-Touré,Defensor,25
184,Senegal,Senegal,75,Ismail Jakobs,Defensor,23
174,Senegal,Senegal,67,Youssouf Sabaly,Defensor,29
187,Senegal,Senegal,79,Abdou Diallo,Defensor,26
174,Senegal,Senegal,66,Idrissa Gueye,Mediocampista,33
167,Senegal,Senegal,73,Nampalys Mendy,Mediocampista,30
189,Senegal,Senegal,83,Cheikhou Kouyaté,Mediocampista,32
186,Senegal,Senegal,71,Pathé Ciss,Mediocampista,28
180,Senegal,Senegal,70,Iliman Ndiaye,Mediocampista,22
185,Senegal,Senegal,70,Pape Sarr,Mediocampista,20
183,Senegal,Senegal,73,Moustapha Name,Mediocampista,27
193,Senegal,Senegal,80,Mamadou Loum,Mediocampista,25
189,Senegal,Senegal,79,Pape Gueye,Mediocampista,23
186,Senegal,Senegal,78,Nicolas Jackson,Delantero,21
180,Senegal,Senegal,75,Boulaye Dia,Delantero,26
173,Senegal,Senegal,68,Krépin Diatta,Delantero,23
185,Senegal,Senegal,76,Ismaïla Sarr,Delantero,24
192,Senegal,Senegal,80,Famara Diédhiou,Delantero,29
178,Senegal,Senegal,72,Bamba Dieng,Delantero,22
194,Serbia,Serbia,91,Marko Dmitrovic,Arquero,30
191,Serbia,Serbia,86,Predrag Rajkovic,Arquero,27
202,Serbia,Serbia,96,Vanja Milinkovic-Savic,Arquero,25
194,Serbia,Serbia,88,Strahinja Pavlovic,Defensor,21
184,Serbia,Serbia,77,Strahinja Erakovic,Defensor,21
195,Serbia,Serbia,90,Nikola Milenkovic,Defensor,25
188,Serbia,Serbia,83,Milos Veljkovic,Defensor,27
189,Serbia,Serbia,84,Stefan Mitrovic,Defensor,32
195,Serbia,Serbia,89,Srdjan Babic,Defensor,26
181,Serbia,Serbia,69,Filip Mladenovic,Defensor,27
189,Serbia,Serbia,69,Nemanja Maksimovic,Mediocampista,27
185,Serbia,Serbia,78,Nemanja Radonjic,Mediocampista,26
187,Serbia,Serbia,79,Nemanja Gudelj,Mediocampista,31
183,Serbia,Serbia,76,Sasa Lukic,Mediocampista,26
184,Serbia,Serbia,81,Filip Kostic,Mediocampista,30
193,Serbia,Serbia,81,Uros Racic,Mediocampista,24
192,Serbia,Serbia,83,Sergej Milinkovic-Savic,Mediocampista,27
181,Serbia,Serbia,73,Filip Djuricic,Mediocampista,30
181,Serbia,Serbia,73,Darko Lazovic,Mediocampista,32
182,Serbia,Serbia,77,Ivan Ilic,Mediocampista,21
191,Serbia,Serbia,83,Marko Grujic,Mediocampista,26
189,Serbia,Serbia,89,Aleksandar Mitrovic,Delantero,28
181,Serbia,Serbia,76,Dusan Tadic,Delantero,34
181,Serbia,Serbia,78,Luka Jovic,Delantero,24
169,Serbia,Serbia,66,Andrija Zivkovic,Delantero,26
190,Serbia,Serbia,88,Dusan Vlahovic,Delantero,22
197,Spain,Spain,90,Robert Sánchez,Arquero,25
183,Spain,Spain,80,David Raya,Arquero,27
190,Spain,Spain,88,Unai Simón,Arquero,25
178,Spain,Spain,76,César Azpilicueta,Defensor,33
182,Spain,Spain,76,Eric García,Defensor,21
191,Spain,Spain,80,Pau Torres,Defensor,25
175,Spain,Spain,69,Alejandro Balde,Defensor,19
178,Spain,Spain,62,Hugo Guillamón,Defensor,22
170,Spain,Spain,68,Jordi Alba,Defensor,33
173,Spain,Spain,73,Daniel Carvajal,Defensor,30
189,Spain,Spain,86,Aymeric Laporte,Defensor,28
189,Spain,Spain,76,Sergio Busquets,Mediocampista,34
184,Spain,Spain,74,Marcos Llorente,Mediocampista,27
176,Spain,Spain,77,Koke,Mediocampista,30
173,Spain,Spain,70,Gavi,Mediocampista,18
190,Spain,Spain,82,Rodri,Mediocampista,26
172,Spain,Spain,65,Yeremy Pino,Mediocampista,20
180,Spain,Spain,76,Carlos Soler,Mediocampista,25
179,Spain,Spain,72,Dani Olmo,Mediocampista,24
174,Spain,Spain,70,Pablo Sarabia,Mediocampista,30
174,Spain,Spain,60,Pedri,Mediocampista,20
190,Spain,Spain,84,Álvaro Morata,Delantero,30
182,Spain,Spain,76,Marco Asensio,Delantero,26
184,Spain,Spain,77,Ferran Torres,Delantero,22
181,Spain,Spain,67,Nico Williams,Delantero,20
178,Spain,Spain,66,Ansu Fati,Delantero,20
183,Switzerland,Switzerland,79,Yann Sommer,Arquero,33
190,Switzerland,Switzerland,80,Jonas Omlin,Arquero,28
195,Switzerland,Switzerland,88,Gregor Kobel,Arquero,24
190,Switzerland,Switzerland,80,Philipp Köhn,Arquero,24
183,Switzerland,Switzerland,79,Silvan Widmer,Defensor,29
187,Switzerland,Switzerland,81,Nico Elvedi,Defensor,26
186,Switzerland,Switzerland,91,Manuel Akanji,Defensor,27
180,Switzerland,Switzerland,78,Ricardo Rodríguez,Defensor,30
183,Switzerland,Switzerland,80,Eray Cömert,Defensor,24
186,Switzerland,Switzerland,84,Fabian Schär,Defensor,30
190,Switzerland,Switzerland,77,Edimilson Fernandes,Mediocampista,26
189,Switzerland,Switzerland,81,Denis Zakaria,Mediocampista,26
181,Switzerland,Switzerland,80,Remo Freuler,Mediocampista,30
186,Switzerland,Switzerland,80,Granit Xhaka,Mediocampista,30
170,Switzerland,Switzerland,65,Renato Steffen,Mediocampista,31
183,Switzerland,Switzerland,76,Michel Aebischer,Mediocampista,25
183,Switzerland,Switzerland,76,Djibril Sow,Mediocampista,25
185,Switzerland,Switzerland,77,Christian Fassnacht,Mediocampista,29
179,Switzerland,Switzerland,68,Rubén Vargas,Mediocampista,24
183,Switzerland,Switzerland,80,Fabian Frei,Mediocampista,33
169,Switzerland,Switzerland,72,Xherdan Shaqiri,Mediocampista,31
181,Switzerland,Switzerland,74,Fabian Rieder,Mediocampista,20
181,Switzerland,Switzerland,82,Ardon Jashari,Mediocampista,20
187,Switzerland,Switzerland,88,Breel Embolo,Delantero,25
186,Switzerland,Switzerland,85,Haris Seferovic,Delantero,30
185,Switzerland,Switzerland,85,Noah Okafor,Delantero,22
182,Tunisia,Tunisia,83,Aymen Balbouli,Arquero,38
186,Tunisia,Tunisia,78,Mouez Hassen,Arquero,27
185,Tunisia,Tunisia,77,Bilel Ifa,Defensor,32
190,Tunisia,Tunisia,81,Montassar Talbi,Defensor,24
183,Tunisia,Tunisia,81,Yassine Meriah,Defensor,29
186,Tunisia,Tunisia,77,Dylan Bronn,Defensor,27
175,Tunisia,Tunisia,72,Ali Maâloul,Defensor,32
178,Tunisia,Tunisia,74,Mohamed Dräger,Defensor,26
183,Tunisia,Tunisia,73,Ali Abdi,Defensor,28
196,Tunisia,Tunisia,88,Nader Ghandri,Mediocampista,27
177,Tunisia,Tunisia,74,Hannibal Mejbri,Mediocampista,19
186,Tunisia,Tunisia,80,Ferjani Sassi,Mediocampista,30
179,Tunisia,Tunisia,75,Aïssa Laïdouni,Mediocampista,25
185,Tunisia,Tunisia,74,Ellyes Skhiri,Mediocampista,27
179,Tunisia,Tunisia,70,Ghaylen Chaalali,Mediocampista,28
173,Tunisia,Tunisia,75,Naïm Sliti,Mediocampista,30
188,Tunisia,Tunisia,86,Anis Ben Slimane,Mediocampista,21
175,Tunisia,Tunisia,73,Youssef Msakni,Delantero,32
186,Tunisia,Tunisia,84,Issam Jebali,Delantero,30
176,Tunisia,Tunisia,80,Wahbi Khazri,Delantero,31
180,Tunisia,Tunisia,77,Taha Yassine Khenissi,Delantero,30
190,Uruguay,Uruguay,84,Fernando Muslera,Arquero,36
183,Uruguay,Uruguay,77,Sebastián Sosa,Arquero,36
190,Uruguay,Uruguay,82,Sergio Rochet,Arquero,29
185,Uruguay,Uruguay,77,José Giménez,Defensor,27
187,Uruguay,Uruguay,78,Diego Godín,Defensor,36
188,Uruguay,Uruguay,79,Ronald Araújo,Defensor,23
173,Uruguay,Uruguay,70,Guillermo Varela,Defensor,29
184,Uruguay,Uruguay,78,Mathías Olivera,Defensor,25
175,Uruguay,Uruguay,70,Matías Viña,Defensor,25
196,Uruguay,Uruguay,94,Sebastián Coates,Defensor,32
180,Uruguay,Uruguay,77,Martín Cáceres,Defensor,35
183,Uruguay,Uruguay,74,José Rodríguez,Defensor,25
187,Uruguay,Uruguay,81,Matías Vecino,Mediocampista,31
187,Uruguay,Uruguay,72,Rodrigo Bentancur,Mediocampista,25
167,Uruguay,Uruguay,65,Nicolás de la Cruz,Mediocampista,25
175,Uruguay,Uruguay,69,Facundo Pellistri,Mediocampista,20
173,Uruguay,Uruguay,73,Giorgian de Arrascaeta,Mediocampista,28
166,Uruguay,Uruguay,65,Lucas Torreira,Mediocampista,26
182,Uruguay,Uruguay,78,Federico Valverde,Mediocampista,24
177,Uruguay,Uruguay,71,Facundo Torres,Mediocampista,22
182,Uruguay,Uruguay,77,Manuel Ugarte,Mediocampista,21
182,Uruguay,Uruguay,86,Luis Suárez,Delantero,35
187,Uruguay,Uruguay,81,Darwin Núñez,Delantero,23
186,Uruguay,Uruguay,91,Maximiliano Gómez,Delantero,26
184,Uruguay,Uruguay,71,Edinson Cavani,Delantero,35
175,Uruguay,Uruguay,72,Agustín Canobbio,Delantero,24
191,USA,United States,84,Matt Turner,Arquero,28
191,USA,United States,84,Ethan Horvath,Arquero,27
191,USA,United States,98,Sean Johnson,Arquero,33
173,USA,United States,68,Sergiño Dest,Defensor,22
188,USA,United States,89,Walker Zimmerman,Defensor,29
183,USA,United States,70,Antonee Robinson,Defensor,25
183,USA,United States,80,Tim Ream,Defensor,35
186,USA,United States,79,Aaron Long,Defensor,30
180,USA,United States,74,Shaq Moore,Defensor,26
183,USA,United States,92,Cameron Carter-Vickers,Defensor,24
172,USA,United States,75,DeAndre Yedlin,Defensor,29
184,USA,United States,80,Joe Scally,Defensor,19
173,USA,United States,72,Tyler Adams,Mediocampista,23
178,USA,United States,75,Yunus Musah,Mediocampista,19
185,USA,United States,79,Giovanni Reyna,Mediocampista,20
183,USA,United States,84,Weston McKennie,Mediocampista,24
179,USA,United States,69,Christian Pulisic,Mediocampista,24
178,USA,United States,70,Brenden Aaronson,Mediocampista,22
178,USA,United States,63,Luca de la Torre,Mediocampista,24
173,USA,United States,75,Cristian Roldán,Mediocampista,27
175,USA,United States,68,Kellyn Acosta,Mediocampista,27
173,USA,United States,68,Jesús Ferreira,Delantero,21
183,USA,United States,84,Jordan Morris,Delantero,28
193,USA,United States,80,Haji Wright,Delantero,24
183,USA,United States,66,Timothy Weah,Delantero,22
185,USA,United States,79,Josh Sargent,Delantero,22
198,Wales,United Kingdom,90,Wayne Hennessey,Arquero,35
191,Wales,United Kingdom,88,Danny Ward,Arquero,29
185,Wales,United Kingdom,75,Adam Davies,Arquero,30
180,Wales,United Kingdom,76,Chris Gunter,Defensor,33
183,Wales,United Kingdom,72,Neco Williams,Defensor,21
181,Wales,United Kingdom,77,Ben Davies,Defensor,29
193,Wales,United Kingdom,88,Chris Mepham,Defensor,25
193,Wales,United Kingdom,88,Joe Rodon,Defensor,25
175,Wales,United Kingdom,72,Connor Roberts,Defensor,27
182,Wales,United Kingdom,78,Ethan Ampadu,Defensor,22
185,Wales,United Kingdom,72,Tom Lockyer,Defensor,27
186,Wales,United Kingdom,84,Ben Cabango,Defensor,22
170,Wales,United Kingdom,62,Joe Allen,Mediocampista,32
173,Wales,United Kingdom,63,Harry Wilson,Mediocampista,25
178,Wales,United Kingdom,76,Aaron Ramsey,Mediocampista,31
185,Wales,United Kingdom,79,Joe Morrell,Mediocampista,25
168,Wales,United Kingdom,60,Jonny Williams,Mediocampista,29
185,Wales,United Kingdom,79,Sorba Thomas,Mediocampista,23
180,Wales,United Kingdom,73,Dylan Levitt,Mediocampista,22
189,Wales,United Kingdom,77,Rubin Colwill,Mediocampista,20
175,Wales,United Kingdom,69,Matt Smith,Mediocampista,23
179,Wales,United Kingdom,73,Brennan Johnson,Delantero,21
186,Wales,United Kingdom,81,Gareth Bale,Delantero,33
196,Wales,United Kingdom,89,Kieffer Moore,Delantero,30
182,Wales,United Kingdom,75,Mark Harris,Delantero,23
171,Wales,United Kingdom,63,Dan James,Delantero,25
